country,site_name,site_url
中国香港,香港土木工程拓展署,http://www.cedd.gov.hk
巴基斯坦,巴基斯坦邮政部,http://www.pakpost.gov.pk/
文莱,文莱总理办公室,http://www.pmo.gov.bn/
菲律宾,菲律宾教育部,http://deped.gov.ph
泰国,泰国驻华大使馆,http://www.thaiembbeij.org/thaiembbeij/cn/index.php
朝鲜,朝鲜的官方英文网站,http://www.korea-dpr.com
朝鲜,朝鲜《劳动新闻》,http://www.rodong.rep.kp
马来西亚,马来西亚知识产权局官方网站,http://www.myipo.gov.my
新加坡,新加坡统计局,http://www.singstat.gov.sg
日本,海上自卫队吴史料馆,http://www.jmsdf-kure-museum.jp/
韩国,韩国法务部,http://www.moj.go.kr
中国台湾,台湾中央研究院,http://www.sinica.edu.tw
塞内加尔,Galsen221,https://galsen221.com
塞内加尔,Senegal7,https://senegal7.com
塞内加尔,Leral.net,https://www.leral.net
塞内加尔,Sanslimitesn.com,https://sanslimitesn.com
塞内加尔,Senego.com,https://senego.com
中国台湾,嘉x市政府,http://www.chiayi.gov.tw
中国台湾,基隆市政府全球资讯网,http://www.klcg.gov.tw
塞内加尔,DAKARACTU.COM,https://www.dakaractu.com
塞内加尔,Seneweb,https://seneweb.com
中国台湾,高雄市政府全球资讯网,http://www.kcg.gov.tw
中国台湾,台湾财政部赋税署,http://www.dot.gov.tw
中国台湾,台北市政府全球资讯网,https://www.gov.taipei
中国台湾,我的E政府,http://www.gov.tw/
中国台湾,台湾国防部,http://www.mnd.gov.tw
韩国,Etoday,http://www.etoday.co.kr
韩国,亚洲经济,http://www.asiae.co.kr
韩国,韩国时报,http://www.koreatimes.co.kr
韩国,OhMyNews,http://ohmynews.com/
韩国,文化日报,http://www.munhwa.com/
韩国,京乡新闻,http://www.khan.co.kr/
韩国,韩民族日报,http://www.hani.co.kr/
韩国,世界日报,http://www.segye.com
韩国,韩国经济日报,http://www.hankyung.com
韩国,首尔日报,http://www.seoul.co.kr
韩国,韩国日报,http://www.hankooki.com/
韩国,韩国驻上海总领事馆,http://chn-shanghai.mofa.go.kr/worldlanguage/asia/chn-shanghai/main/index.jsp
韩国,韩国青瓦台,http://www.president.go.kr
韩国,中华人民共和国驻韩国大使馆经济商务参赞处,http://kr.mofcom.gov.cn
韩国,韩中友好协会,http://korea-china.or.kr/chinese/index.asp
韩国,釜山市政府,http://visit.busan.kr/chn/
韩国,济州道政府,http://chinese.jeju.go.kr/index.php
韩国,韩国外交部,http://www.mofat.go.kr
韩国,中华人民共和国驻大韩民国大使馆,http://www.chinaemb.or.kr
韩国,韩国教育部,http://www.moe.go.kr/
韩国,韩国驻中国大使馆,http://china.koreanembassy.cn
韩国,首尔市政府,http://chinese.seoul.go.kr/ch/index.cfm
韩国,韩国电子政府,http://www.korea.go.kr/
日本,日本陆上自卫队,http://www.mod.go.jp/gsdf/
日本,日本海上自卫队,http://www.mod.go.jp/msdf/
日本,日本航空自卫队,http://www.mod.go.jp/asdf/
日本,日本防卫省・自卫队,http://www.mod.go.jp/
新加坡,新加坡政府指南互动,http://sgdi.gov.sg
新加坡,新加坡海关,http://www.customs.gov.sg
新加坡,新加坡驻上海总领事馆,http://www.mfa.gov.sg/shanghaichi/
新加坡,新加坡警察部队,http://www.spf.gov.sg/
新加坡,新加坡宗乡会馆联合总会,http://www.sfcca.org.sg/
新加坡,新加坡警局,http://www.spf.gov.sg/
新加坡,中国驻新加坡大使馆经济商务参赞处,http://sg.mofcom.gov.cn/
新加坡,新加坡公司注册局,http://www.acra.gov.sg/
新加坡,新加坡会计与企业管理局,http://www.acra.gov.sg/
新加坡,新加坡财政部,http://app.mof.gov.sg/
新加坡,新加坡税务署,http://iras.gov.sg
新加坡,新加坡国防部,http://www.mindef.gov.sg
新加坡,新加坡贸易发展局,http://www.iesingapore.com/wps/portal/CN
新加坡,新加坡外交部,http://www.mfa.gov.sg/
新加坡,新加坡建屋房产局,http://www.hdb.gov.sg/
新加坡,新加坡经济发展局,http://www.edb.gov.sg/edb/sg/zh_cn/index.html
新加坡,中国驻新加坡共和国大使馆,http://www.chinaembassy.org.sg/
新加坡,新加坡旅游局,http://app.stb.com.sg/asp/index.asp
新加坡,新加坡公积金局,http://www.cpf.gov.sg/
马来西亚,马来西亚移民局,http://www.imi.gov.my
马来西亚,中华人民共和国驻马来西亚大使馆经济商务参赞处,http://my.mofcom.gov.cn/
马来西亚,马来西亚公众服务委员会,http://www.spa.gov.my
马来西亚,马来西亚交通部,http://www.mot.gov.my/
新加坡,新加坡人力部,http://www.mom.gov.sg
新加坡,新加坡移民局,http://www.ica.gov.sg
马来西亚,马亚西亚公共工程部,http://www.kkr.gov.my/
新加坡,新加坡中华总商会,http://www.sccci.org.sg/
马来西亚,马来西亚卫生部,http://www.moh.gov.my
马来西亚,马亚西亚工业发展局,http://www.mida.gov.my/
马来西亚,马来西亚财政部,http://www.treasury.gov.my/
马来西亚,马来西亚教育部,http://www.moe.gov.my/
新加坡,新加坡教育部,http://www.moe.gov.sg
马来西亚,马亚西亚国防部,http://www.mod.gov.my/
马来西亚,中华人民共和国驻马来西亚大使馆,http://my.china-embassy.org/chn/
马来西亚,马亚西亚政府网站,http://www.malaysia.gov.my
朝鲜,朝鲜中央通讯社,http://www.kcna.kp
朝鲜,中国驻朝鲜大使馆,http://kp.china-embassy.org/chn/
马来西亚,马来西亚人力资源部,http://www.mohr.gov.my/
马来西亚,马来西亚农业部,http://agrolink.moa.my/
朝鲜,中华人民共和国驻朝鲜大使馆经济商务参赞处,http://kp.mofcom.gov.cn
马来西亚,马来西亚外交部,http://www.kln.gov.my/
泰国,泰国移民局,http://www.immigration.go.th
泰国,泰国卫生部,http://www.moph.go.th
泰国,泰国商业部,http://www.moc.go.th
泰国,泰国国防部,http://mod.go.th
泰国,泰国海关总署,http://www.customs.go.th/
泰国,泰国农业和合作社部,http://www.moac.go.th
泰国,中国驻泰王国大使馆,http://www.chinaembassy.or.th/chn/
泰国,泰国议会,http://www.parliament.go.th/
泰国,泰国教育部,http://www.moe.go.th/
泰国,泰国外交部,http://www.mfa.go.th
泰国,泰国政府,http://www.thaigov.net/
泰国,泰国皇家空军,http://www.rtaf.mi.th/index.asp
菲律宾,菲律宾旅游部,http://www.tourism.gov.ph/
菲律宾,菲律宾卫生部,http://www.doh.gov.ph
菲律宾,中华人民共和国驻菲律宾共和国大使馆经济商务参赞处,http://ph.mofcom.gov.cn/
菲律宾,菲律宾外交部,http://www.dfa.gov.ph
菲律宾,菲律宾司法部移民局,http://www.immigration.gov.ph/
菲律宾,菲律宾驻华大使馆,http://www.philembassy-china.org/chinese_index.html
菲律宾,中国驻菲律宾大使馆,http://www.fmprc.gov.cn/ce/ceph/chn/
菲律宾,菲律宾众议院,http://www.congress.gov.ph/
菲律宾,菲律宾政府,http://www.gov.ph/
文莱,文莱国防部,http://www.mindef.gov.bn
文莱,文莱外交部,http://www.mfa.gov.bn/
文莱,文莱达鲁萨兰国政府,http://www.brunei.gov.bn/
巴基斯坦,中华人民共和国驻巴基斯坦伊斯兰共和国大使馆经济商务参赞处,http://pk.mofcom.gov.cn/
文莱,中华人民共和国驻文莱大使馆经济商务参赞处,http://bn.mofcom.gov.cn/
巴基斯坦,巴基斯坦政府-新闻和广播部,http://www.pak.gov.pk/
巴基斯坦,巴基斯坦总统,http://www.presidentofpakistan.gov.pk
巴基斯坦,巴基斯坦外交部,http://www.pakistan.gov.pk
巴基斯坦,中华人民共和国驻巴基斯坦伊斯兰共和国大使馆,http://pk.china-embassy.org/chn/
巴基斯坦,巴基斯坦国防部,http://www.pakistan.gov.pk
巴基斯坦,巴基斯坦政府,http://www.pakistan.gov.pk/
中国香港,香港公共图书馆,http://www.hkpl.gov.hk
中国香港,香港电讯管理局,http://www.ofta.gov.hk/
中国香港,保险业兼理处,http://www.oci.gov.hk/
中国香港,香港环境保护署,http://www.epd.gov.hk/epd/cindex.html
中国香港,香港红十字会,http://www.redcross.org.hk
中国香港,证券及期货事务监察委员会,http://www.hksfc.org.hk/
中国香港,香港立法会,http://www.legco.gov.hk
中国香港,中华人民共和国外交部驻香港特别行政区特派员公署,http://www.fmcoprc.gov.hk
中国香港,香港财经事务及库务局,http://www.fstb.gov.hk/
中国香港,香港税务局,http://sc.info.gov.hk/gb/www.ird.gov.hk
中国香港,康乐及文化事务署,http://sc.lcsd.gov.hk/gb/www.lcsd.gov.hk/
中国香港,香港运输署,http://www.td.gov.hk/
中国香港,香港入境事务处?,http://www.immd.gov.hk
中国香港,香港政府一站通,http://www.gov.hk
中国香港,香港社会福利署,http://www.swd.gov.hk/
中国香港,香港房屋委员会及房屋署,http://www.housingauthority.gov.hk/
中国香港,香港警察,http://www.info.gov.hk/police/
中国香港,香港廉政公署,http://www.icac.org.hk/
中国香港,香港经济发展及劳工局,http://www.edlb.gov.hk
中国台湾,尖端科技军事资料库,http://www.dtmonline.com/
日本,岩手县政府,http://www.pref.iwate.jp/
日本,日本国驻上海总领事馆,http://www.shanghai.cn.emb-japan.go.jp/cn/index_cn.htm
日本,福冈县政府,http://www.pref.fukuoka.lg.jp/
日本,日本社会保险厅,http://www.sia.go.jp/
日本,日本人事院,http://www.jinji.go.jp/
中国台湾,30杂志网,http://www.30.com.tw/
日本,青森县政府,http://www.pref.aomori.lg.jp/
中国香港,香港司法机构,http://www.judiciary.gov.hk
日本,日本驻广州总领事馆,http://www.guangzhou.cn.emb-japan.go.jp/cgjp_cn/index.htm
日本,日本众议院,http://www.shugiin.go.jp/index.nsf/html/index.htm
印度,印度总理,http://www.pmindia.gov.in
印度,印度国家门户网站,https://www.india.gov.in
印度,孟买海关,http://www.mumbaicustoms.gov.in/
印度,印度税收部,http://www.incometaxindia.gov.in
印度,中国驻印经济商务参赞处,http://in.mofcom.gov.cn/
印度,印度总统,http://presidentofindia.nic.in/
印度,中国驻印度使馆,http://www.chinaembassy.org.in
喀麦隆,中华人民共和国驻喀麦隆共和国大使馆经济商务参赞处,http://cm.mofcom.gov.cn/
印度,印度形象,http://indiaimage.nic.in/
科特迪瓦,Koaci,https://www.koaci.com
科特迪瓦,科特迪瓦公共服务部,https://www.fonctionpublique.gouv.ci
科特迪瓦,中华人民共和国驻科特迪瓦共和国大使馆经济商务参赞处,http://ci.mofcom.gov.cn
乌干达,中国驻乌干达共和国大使馆经济商务参赞处,http://ug.mofcom.gov.cn/
乌干达,乌干达外交部,http://www.mofa.go.ug/
印度,印度驻华大使馆,http://www.indianembassy.org.cn/cn_new/
印度,印度海军官方网站,http://indiannavy.nic.in
日本,日本文化厅,http://www.bunka.go.jp/
日本,北海道政府,http://www.pref.hokkaido.lg.jp
坦桑尼亚,坦桑尼亚联合共和国驻华大使馆,http://www.tanzaniaembassy.org.cn/
坦桑尼亚,中国驻坦桑尼亚联合共和国经济商务代表处,http://tz.mofcom.gov.cn
坦桑尼亚,坦桑尼亚政府,http://www.tanzania.go.tz
日本,日本国际交流基金会,http://www.jpf.go.jp/cn/
日本,日本警察厅,http://www.npa.go.jp/
日本,日本防卫省・自卫队,http://www.mod.go.jp/
日本,日本入国管理局,http://www.immi-moj.go.jp/
津巴布韦,津巴布韦政府在线,http://www.gta.gov.zw/
印度,印度政府网站名录,http://www.goidirectory.nic.in
日本,日本年金机构,http://www.nenkin.go.jp
日本,中华人民共和国驻日本大使馆,http://www.china-embassy.or.jp/
日本,日本电子政府网站,http://www.e-gov.go.jp
日本,日本国税厅,http://www.nta.go.jp
日本,日中友好协会,http://www.j-cfa.com/
日本,东京都政府,http://www.metro.tokyo.jp/
中国台湾,FHM男人帮-国际中文版,http://www.fhm.com.tw/
中国台湾,凤凰网-台湾新闻,http://news.ifeng.com/taiwan/
中国台湾,Google新闻台湾版,http://news.google.com.tw/
中国台湾,中华民国(台湾)行政院新闻局全球资讯网,http://info.gio.gov.tw/
中国台湾,yam蕃薯藤-新闻,http://n.yam.com
日本,日本外务省,http://www.mofa.go.jp/mofaj/
中国台湾,新浪台湾,http://sina.com.tw
中国台湾,中国台湾网,http://www.chinataiwan.org
中国台湾,民视新闻网,http://news.ftv.com.tw
中国台湾,军事家全球防卫杂志资讯网,http://www.diic.com.tw/
中国台湾,台湾军火库,http://www.arms-cool.net/xoops/index.php
安哥拉,中华人民共和国驻安哥拉共和国大使馆经济商务参赞处,http://ao.mofcom.gov.cn/
阿尔及利亚,中华人民共和国驻阿尔及利亚民主人民共和国大使馆经济商务参赞处,http://dz.mofcom.gov.cn/
尼日利亚,尼日利亚阿夸依邦州官方网站,http://www.akwaibomstategov.com/
毛里求斯,中华人民共和国驻毛里求斯共和国大使馆经济商务参赞处,http://mu.mofcom.gov.cn/
纳米比亚,纳米比亚首相办公室,http://www.opm.gov.na/
肯尼亚,中华人民共和国驻肯尼亚共和国大使馆经济商务参赞处,http://ke.mofcom.gov.cn/
赞比亚,中国驻赞比亚共和国大使馆经济商务参赞处,http://zm.mofcom.gov.cn/
埃塞俄比亚,埃塞俄比亚驻华盛顿大使馆,http://www.ethiopianembassy.org
利比亚,中华人民共和国驻阿拉伯利比亚人民社会主义民众国大使馆经济商务参赞处,http://ly.mofcom.gov.cn/
莫桑比克,莫桑比克国家矿业局,http://www.dnm.gov.mz
南非,南非税务局（SARS）,http://www.sars.gov.za
汤加,中华人民共和国驻汤加王国大使馆经济商务参赞处,http://to.mofcom.gov.cn/
瑙鲁,中华人民共和国驻瑙鲁共和国大使馆经济商务参赞处,http://nauru.mofcom.gov.cn/
瓦努阿图,驻瓦努阿图共和国大使馆,http://www.fmprc.gov.cn/chn/wjb/zwjg/zwsg/bmdyz/t3367.htm
瓦努阿图,中国驻瓦努阿图大使馆经济商务参赞处,http://vu.mofcom.gov.cn/
帕劳,帕劳政府,http://www.palaugov.net/
瓦努阿图,瓦努阿图政府,http://www.vanuatugovernment.gov.vu/
汤加,汤加旅游局,http://www.tongaholiday.com/
汤加,汤加政府,http://www.pmo.gov.to/
南非,中华人民共和国驻南非共和国大使馆,http://www.chinese-embassy.org.za/chn/
南非,中国驻南非共和国大使馆经济商务参赞处,http://za.mofcom.gov.cn/
斐济,中国驻斐济大使馆经济商务参赞处,http://fj.mofcom.gov.cn/
斐济,中华人民共和国驻斐济大使馆,http://fj.china-embassy.org/chn/
斐济,斐济外交外贸部,http://www.foreignaffairs.gov.fj/
斐济,斐济政府,http://www.fiji.gov.fj/
新西兰,惠灵顿市政府,http://www.wcc.govt.nz
新西兰,惠灵顿市政府,http://www.wellington.govt.nz/
新西兰,新西兰统计局,http://www.stats.govt.nz
新西兰,奥克兰市政府,http://www.akcity.govt.nz
新西兰,新西兰海关总署,http://www.customs.govt.nz
新西兰,新西兰外交与贸易部,http://www.mfat.govt.nz/
新西兰,新西兰警察局,http://www.police.govt.nz/
新西兰,中华人民共和国驻新西兰大使馆经济商务参赞处,http://nz.mofcom.gov.cn/
新西兰,新西兰贸易发展局,http://www.nzte.govt.nz
新西兰,中华人民共和国驻奥克兰总领事馆,http://www.chinaconsulate.org.nz/chn/
新西兰,新西兰工作与收入局,http://www.workandincome.govt.nz/
新西兰,新西兰税务局,http://ird.govt.nz
新西兰,新西兰教育部,http://www.minedu.govt.nz/
新西兰,新西兰驻华使馆,http://www.nzembassy.com/home.cfm?CFID=84592&CFTOKEN=50230226&c=19&l=95
新西兰,中国驻新西兰大使馆,http://nz.china-embassy.org/chn/
新西兰,新西兰政府在线,https://www.govt.nz
新西兰,新西兰移民局,http://www.immigration.govt.nz
南非,中华人民共和国驻开普敦总领馆,http://capetown.chineseconsulate.org/chn/
莫桑比克,中华人民共和国驻莫桑比克共和国大使馆经济商务参赞处,http://mz.mofcom.gov.cn/
莫桑比克,莫桑比克共和国,http://www.mozambique.mz
莫桑比克,莫桑比克政府,http://www.govmoz.gov.mz
埃塞俄比亚,中华人民共和国驻埃塞俄比亚大使馆经济商务参赞处,http://et.mofcom.gov.cn/
埃塞俄比亚,中华人民共和国住埃塞俄比亚联邦共和国大使馆,http://et.china-embassy.org/chn/
埃塞俄比亚,埃塞俄比亚外交部,http://www.mfa.gov.et/
赞比亚,赞比亚国会,http://www.parliament.gov.zm
赞比亚,赞比亚政府,http://www.statehouse.gov.zm/
肯尼亚,中华人民共和国驻肯尼亚共和国大使馆,http://ke.china-embassy.org/chn/
纳米比亚,纳米比亚外交部,http://www.mfa.gov.na/
肯尼亚,肯尼亚政府,http://www.kenya.go.ke/
纳米比亚,纳米比亚国防部,http://www.mod.gov.na/
纳米比亚,纳米比亚农业、水资源和林业部,http://www.agristats.gov.na/
纳米比亚,中华人民共和国驻纳米比亚共和国大使馆经济商务参赞处,http://na.mofcom.gov.cn/
纳米比亚,纳米比亚移民局,http://www.mha.gov.na/
纳米比亚,纳米比亚政府网,http://www.grnnet.gov.na
纳米比亚,中华人民共和国驻纳米比亚共和国大使馆,http://na.china-embassy.org/chn/
尼日利亚,尼日利亚外交部,http://www.mfa.gov.ng/
尼日利亚,尼日利亚投资促进委员会,http://www.nipc-nigeria.org/
尼日利亚,中华人民共和国驻尼日利亚联邦共和国大使馆,http://ng.chineseembassy.org/chn/
毛里求斯,毛里求斯政府,http://www.gov.mu
毛里求斯,毛里求斯港务局,http://www.mauport.com/
阿尔及利亚,中国驻阿尔及利亚大使馆,http://dz.china-embassy.org/
阿尔及利亚,阿尔及利亚外交部,http://www.mae.dz
尼日利亚,中华人民共和国驻尼日利亚联邦共和国大使馆经济商务参赞处,http://nigeria.mofcom.gov.cn/
尼日利亚,尼日利亚政府,http://www.nigeria.gov.ng/
巴拿马,中国－巴拿马贸易发展办事处经商室,http://panama.mofcom.gov.cn/
圭亚那,圭亚那教育部,http://www.moe.gov.gy
哥伦比亚,哥伦比亚出口促进会,http://www.proexport.com.co
哥伦比亚,中华人民共和国驻哥伦比亚共和国大使馆经济商务参赞处,http://co.mofcom.gov.cn/
乌拉圭,乌拉圭总统府,http://www.presidencia.gub.uy/
秘鲁,中华人民共和国驻秘鲁大使馆经济商务参赞处,http://pe.mofcom.gov.cn/
智利,智利国税局,https://homer.sii.cl
委内瑞拉,委内瑞拉驻华大使馆,http://www.venezuela.org.cn/
牙买加,牙买加政府,http://www.cabinet.gov.jm
危地马拉,危地马拉政府,http://www.guatemala.gob.gt/
波多黎各,Gobierno.pr,http://www.gobierno.pr
委内瑞拉,委内瑞拉移民局,http://www.onidex.gov.ve/
尼加拉瓜,尼加拉瓜政府,http://www.presidencia.gob.ni/
古巴,古巴驻华大使馆,http://embacuba.cubaminrex.cu/chinach/
古巴,古巴共和国商会,http://www.camaracuba.cu/
古巴,古巴共各国政府,http://www.cubagob.cu/ingles/default.htm
加拿大,安大略省政府,https://www.ontario.ca
加拿大,加拿大议会,https://www.parl.ca
加拿大,加拿大红十字会,http://www.redcross.ca
美国,爱达荷州政府,http://www.state.id.us/
美国,中华人民共和国驻芝加哥总领事馆,http://www.chinaconsulatechicago.org/chn/
美国,中华人民共和国驻旧金山总领事馆,http://www.chinaconsulatesf.org/chn/
牙买加,牙买加驻华使馆,http://www.jamaicagov.cn/cn/
古巴,中国驻哥伦比亚共和国大使馆,http://co.china-embassy.org/chn/
美国,加利福尼亚政府,http://www.state.ca.us/
美国,美国交通部,http://www.dot.gov/
美国,美国商业部,http://www.commerce.gov/
美国,中华人民共和国驻美利坚合众国大使馆,http://www.china-embassy.org/chn/
美国,美国最高法院,http://www.supremecourtus.gov
美国,美国财政部,http://www.ustreas.gov
美国,美国移民局,http://www.uscis.gov
美国,雷神公司,https://www.raytheon.com
美国,美国驻华大使馆,http://beijing.usembassy-china.org.cn/
美国,美国西点军校,http://www.west-point.org
美国,美国军事照片网,http://www.militaryphotos.net
美国,美国退伍军人事务部,http://www.va.gov/
美国,美国陆军和陆军后备招募,http://www.goarmy.com/
美国,Blackanthem.com,http://www.blackanthem.com/
美国,Strategypage,http://strategypage.com/
美国,美国海军陆战队,http://www.usmc.mil/
美国,Military.com,http://www.military.com/
美国,美国国防情报局,http://www.dia.mil/
加拿大,不列颠哥伦比亚省政府,http://www.gov.bc.ca/
美国,全球安全,http://www.globalsecurity.org
加拿大,马尼托巴省政府,http://www.gov.mb.ca/
加拿大,温哥华警察局,http://www.city.vancouver.bc.ca/police/
加拿大,艾伯塔省政府,http://www2.gov.ab.ca/
加拿大,加拿大国防部和加拿大军队,http://www.forces.gc.ca
加拿大,安大略省政府,http://www.gov.on.ca
加拿大,加拿大驻华使领馆,http://www.beijing.gc.ca/
加拿大,中国驻多伦多总领事馆,http://toronto.china-consulate.org/chn/
加拿大,加拿大税务局,http://www.ccra-adrc.gc.ca/
加拿大,加拿大总理,https://pm.gc.ca
加拿大,加拿大公民暨移民部,http://www.cic.gc.ca/
加拿大,魁北克省政府,http://www.gouv.qc.ca/
加拿大,中华人民共和国驻加拿大大使馆,http://www.chinaembassycanada.org/chn/
加拿大,加拿大卫生部,http://www.hc-sc.gc.ca
加拿大,加拿大卫生部,http://www.hc-sc.gc.ca/
加拿大,加拿大外交部,http://www.dfait-maeci.gc.ca/
加拿大,中国驻温哥华总领事馆,http://vancouver.china-consulate.org/chn/
委内瑞拉,中国驻委内瑞拉共和国大使馆经济商务参赞处,http://ve.mofcom.gov.cn/
委内瑞拉,委内瑞拉移民局,http://www.onidex.gov.ve/
委内瑞拉,委内瑞拉政府在线,http://www.gobiernoenlinea.ve
委内瑞拉,中华人民共和国驻委内瑞拉玻利瓦尔共和国大使馆,http://ve.chineseembassy.org/chn/
秘鲁,秘鲁移民局,http://www.digemin.gob.pe/
秘鲁,秘鲁海军,http://www.marina.mil.pe/
秘鲁,中国驻秘鲁大使馆,http://www.embajadachina.org.pe/chn/default.htm
乌拉圭,乌拉圭政府门户网,http://www.uruguay.gub.uy/
乌拉圭,乌拉圭国防部,http://www.ejercito.mil.uy/
乌拉圭,乌拉圭最高法院,http://www.poderjudicial.gub.uy/
乌拉圭,乌拉圭教育文化部,http://www.mec.gub.uy/
智利,中华人民共和国驻智利共和国大使馆经济商务参赞处,http://cl.mofcom.gov.cn/
乌拉圭,乌拉圭外交部,http://www.mrree.gub.uy/
乌拉圭,乌拉圭农牧渔业部,http://www.mgap.gub.uy/
乌拉圭,乌拉圭国家邮政局,http://www.correo.com.uy/
乌拉圭,乌拉圭经济财经部,http://www.ain.gub.uy/
哥伦比亚,中国驻哥伦比亚大使馆,http://co.china-embassy.org/chn/
圭亚那,中国驻圭亚那大使馆经济商务参赞处经商参处,http://gy.mofcom.gov.cn/
圭亚那,中华人民共和国驻圭亚那合作共和国大使馆,http://gy.chineseembassy.org/chn/
圭亚那,圭亚那外交部,http://www.minfor.gov.gy
圭亚那,圭亚那卫生部,http://www.health.gov.gy
巴拿马,巴拿马政府,http://www.presidencia.gob.pa/
哥伦比亚,哥伦比亚政府在线,http://www.gobiernoenlinea.gov.co
加拿大,皇家加拿大海军官方网站,http://www.navy.forces.gc.ca
加拿大,汉和防务评论,http://www.kanwa.com/
乌拉圭,中国驻乌拉圭东岸共各国大使馆,http://uy.china-embassy.org/chn/
乌拉圭,中国驻乌拉圭东岸共和国大使馆经济商务参赞处,http://uy.mofcom.gov.cn/
哥伦比亚,哥伦比亚总统府,http://www.presidencia.gov.co
哥伦比亚,哥伦比亚驻华使馆,http://www.embcolch.org.cn/
哥伦比亚,哥伦比亚外交部,http://www.minrelext.gov.co
格鲁吉亚,中国驻格鲁吉亚大使馆经济商务参赞处,http://ge.mofcom.gov.cn/
马耳他,中华人民共和国驻马耳他共和国大使馆经济商务参赞处,http://mt.mofcom.gov.cn/
保加利亚,保加利亚国防部,http://www.md.government.bg/
乌克兰,乌克兰驻华大使馆,https://china.mfa.gov.ua/zh/
乌克兰,乌克兰外交部,http://www.mfa.gov.ua/
马其顿,马其顿经济部,http://www.economy.gov.mk
马其顿,中华人民共和国驻马其顿共和国大使馆经济商务参赞处,http://mk.mofcom.gov.cn/
马其顿,马其顿海关总署,http://www.customs.gov.mk
斯洛文尼亚,斯洛文尼亚国家统计局,http://www.stat.si/
斯洛伐克,中华人民共和国驻斯洛伐克共和国大使馆,http://sk.china-embassy.org/chn/
克罗地亚,克罗地亚外交部,http://www.mvep.hr
克罗地亚,中华人民共和国驻克罗地亚共和国大使馆经济商务参赞处,http://hr.mofcom.gov.cn/
马其顿,马其顿财政部,http://www.finance.gov.mk/
斯洛文尼亚,中国驻斯洛文尼亚共和国大使馆经济商务参赞处,http://si.mofcom.gov.cn/
斯洛文尼亚,斯洛文尼亚国防部,http://www.mors.si/
斯洛文尼亚,斯洛文尼亚政府,http://www.gov.si/
马其顿,马其顿外交部,http://www.mfa.gov.mk/
马其顿,马其顿政府,http://www.vlada.mk/
马其顿,马其顿内务部,http://www.mvr.gov.mk
马其顿,马其顿电子通信部,http://www.aec.mk
乌克兰,中国驻乌克兰经商参处,http://ua.mofcom.gov.cn/
乌克兰,乌克兰政府,http://www.kmu.gov.ua
罗马尼亚,罗马尼亚总统府,http://www.presidency.ro/
捷克,捷克参议院,http://www.senat.cz/
波兰,波兰总理府,http://www.kprm.gov.pl/
捷克,捷克众议院,http://www.psp.cz/
波兰,中华人民共和国驻波兰共和国大使馆经济商务参赞处,http://pl.mofcom.gov.cn/
捷克,中华人民共和国驻捷克共和国大使馆,http://www.chinaembassy.cz/
捷克,捷克外交部,http://www.mfa.cz/
捷克,捷克政府,http://www.vlada.cz/
波兰,国家欧洲一体化委员会,http://www1.ukie.gov.pl
波兰,波兰国防部,http://www.wp.mil.pl
俄罗斯,俄罗斯联邦公共服务门户网站,https://www.gosuslugi.ru
阿尔巴尼亚,中华人民共和国驻阿尔巴尼亚共和国大使馆经济商务参赞处,http://al.mofcom.gov.cn/
捷克,捷克总统府,http://www.hrad.cz/
捷克,中华人民共和国驻捷克共和国大使馆经济商务参赞处,http://cz.mofcom.gov.cn/
捷克,捷克共和国驻中华人民共和国大使馆,http://www.mzv.cz/wwwo/default.asp?idj=15&amb=60
波兰,波兰共和国议会,http://www.sejm.gov.pl/
波兰,中华人民共和国驻波兰共和国大使馆,http://www.chinaembassy.org.pl
波兰,波兰共和国总统,http://www.prezydent.pl/
罗马尼亚,罗马尼亚国防部,http://www.mapn.ro
罗马尼亚,中国驻罗马尼亚大使馆经济商务参赞处,http://ro.mofcom.gov.cn/
罗马尼亚,罗马尼亚外交部,http://www.mae.ro/
罗马尼亚,罗马尼亚海关总署,http://www.customs.ro
罗马尼亚,罗马尼亚政府,http://www.guv.ro
阿尔巴尼亚,阿尔巴尼亚国防部,http://www.mod.gov.al
阿尔巴尼亚,阿尔巴尼亚国会,http://www.parlament.al/
波兰,波兰经济部,http://www.mg.gov.pl/
波兰,波兰外交部,http://www.msz.gov.pl/
波兰,波兰驻华使馆,http://www.polandembassychina.net/
俄罗斯,中华人民共和国驻圣彼得堡总领事馆经济商务室,http://petersburg.mofcom.gov.cn/
俄罗斯,圣彼得堡华人协会,http://www.china-russia.org/
罗马尼亚,罗马尼亚国家统计局,http://www.insse.ro/
俄罗斯,俄罗斯教育部,http://www.ed.gov.ru/
阿尔巴尼亚,地拉那市政府,http://www.tirana.gov.al/
俄罗斯,俄罗斯联邦经济发展与贸易部,http://www.economy.gov.ru/
俄罗斯,中华人民共和国驻圣彼得堡总领事馆,http://saint-petersburg.china-consulate.org/chn/
俄罗斯,俄罗斯联邦驻华大使馆,http://www.russia.org.cn/chn/
俄罗斯,俄罗斯外交部,http://www.mid.ru/
保加利亚,中国驻保加利亚使馆,http://www.chinaembassy.bg/chn/default.htm
保加利亚,保加利亚政府,http://www.government.bg
俄罗斯,俄罗斯联邦政府,http://www.gov.ru/
保加利亚,中华人民共和国驻保加利亚共和国大使馆经济商务参赞处,http://bg.mofcom.gov.cn/
荷兰,荷兰驻华大使馆,http://china-cn.nlembassy.org
葡萄牙,葡萄牙卫生部,http://www.min-saude.pt
瑞士,中华人民共和国驻瑞士联邦大使馆,http://www.china-embassy.ch
罗马尼亚,中华人民共和国驻罗马尼亚大使馆,http://www.chinaembassy.org.ro/chn/
瑞士,瑞士联邦国防、民防和体育部,http://www.vbs.admin.ch/
芬兰,芬兰国防部,http://www.mil.fi
西班牙,西班牙农渔食品部,http://www.mapa.es/
西班牙,20?minutos,https://www.20minutos.es
瑞典,瑞典驻香港总领事馆,http://www.swedenabroad.com/hongkong
意大利,意大利国家社会保障局,http://www.inps.it
意大利,米兰市议会官方网站,http://comune.milano.it
德国,德国驻广州总领事馆,http://www.kanton.diplo.de/Vertretung/kanton/zh/Startseite.html
德国,中华人民共和国驻汉堡总领事馆经济商务室,http://hamburg.mofcom.gov.cn
德国,德国联邦外交办公室,http://www.auswaertiges-amt.de
法国,法国内政部,http://www.interieur.gouv.fr
法国,法国文化部,http://www.culture.fr
塞浦路斯,塞浦路斯财政部,http://www.mof.gov.cy
塞浦路斯,塞浦路斯教育和文化部,http://www.moec.gov.cy
巴勒斯坦,巴勒斯坦外交部,http://www.mofa-gov.ps
塞浦路斯,中华人民共和国驻塞浦路斯大使馆经济商务参赞处,http://cy.mofcom.gov.cn/
塞浦路斯,塞浦路斯外交部,http://www.mfa.gov.cy/
法国,法国专利局,http://www.inpi.fr
法国,中华人民共和国驻法兰西共和国大使馆经济商务参赞处,http://fr.mofcom.gov.cn/
法国,中华人民共和国驻斯特拉斯堡总领事馆,http://www.consulatchine-strasbourg.org/chn/
法国,法国参议院,http://www.senat.fr/
法国,法国文化与交流部,http://www.culture.gouv.fr/
法国,中华人民共和国驻法兰西共和国大使馆,http://www.amb-chine.fr/chn/
法国,法国总理办公室,http://www.premier-ministre.gouv.fr/en/
法国,法国在您身边,http://www.ambafrance-cn.org/
法国,法国公共服务网,http://www.vie-publique.fr/
法国,巴黎市政府网站,http://www.paris.fr
法国,法国教育部,http://www.education.gouv.fr/
法国,法国总统府,http://www.elysee.fr
德国,中华人民共和国驻慕尼黑总领事馆经济商务室,http://munich.mofcom.gov.cn
德国,德国驻上海总领事馆,http://www.shanghai.diplo.de/
德国,德意志联邦共和国驻广州总领事馆,http://www.kanton.diplo.de
德国,德国联邦议院,http://www.bundestag.de
德国,中国驻德大使馆教育处,http://www.edu-chinaembassy.de
德国,德国驻华大使馆,http://www.china.diplo.de
德国,德国参议院,http://www.bundesrat.de
德国,联邦环保局,http://www.umweltbundesamt.de
德国,德国国防部,http://www.bmvg.de
德国,德国统计局,http://www.destatis.de/
德国,中华人民共和国驻德意志联邦共和国大使馆,http://www.china-botschaft.de/det/
德国,德国联邦统计局,http://www.statistik-bund.de
德国,德国劳动局,http://www.arbeitsamt.de/
德国,柏林官方中文网,http://www.berlin-china.net/
德国,德国联邦政府,http://www.bundesregierung.de
意大利,意大利司法部,http://www.giustizia.it/
意大利,意大利议会,http://www.parlamento.it/
意大利,意大利卫生部,http://www.ministerosalute.it/
意大利,中华人民共和国驻意大利共和国大使馆经济商务参赞处,http://it.mofcom.gov.cn/
意大利,意大利环境部,http://www.minambiente.it
意大利,意大利总统府,http://www.quirinale.it/
意大利,意大利教育、大学和科研部,http://www.istruzione.it
意大利,意大利国防部,http://www.difesa.it/
意大利,意大利入境管理局,http://www.agenziaentrate.it/
意大利,意大利总理府,http://www.palazzochigi.it/
意大利,意大利海关,http://www.agenziadogane.it/
意大利,中华人民共和国驻意大利大使馆,http://it.china-embassy.org/chn/
意大利,意大利政府,http://www.governo.it
瑞典,中国驻哥德堡总领馆经济商务室,http://gothenburg.mofcom.gov.cn/
瑞典,瑞典政府投资促进署,http://www.isa.se/
瑞典,中华人民共和国驻瑞典王国大使馆经济商务参赞处,http://se.mofcom.gov.cn/
瑞典,瑞典驻沪总领事馆,http://www.swedenabroad.com/shanghai
瑞典,瑞典国会,http://www.riksdagen.se/
瑞典,瑞典贸易署,http://www.kommers.se/
意大利,意大利外交部,http://www.esteri.it/
意大利,意大利驻华大使馆,http://www.italianembassy.org.cn/
瑞典,瑞典警察局,http://www.polisen.se
瑞典,瑞典驻广州总领事馆,http://www.swedenabroad.com/guangzhou
瑞典,瑞典王室,http://www.royalcourt.se/
瑞典,瑞典外交部,http://www.sweden.gov.se/sb/d/2059
瑞典,瑞典社会保障局,http://www.fk.se
瑞典,中华人民共和国驻瑞典大使馆,http://www.chinaembassy.se/chn/
瑞典,瑞典驻华大使馆,http://www.swedenabroad.com/pages/start____20761.asp
瑞典,瑞典政府,http://www.regeringen.se/
西班牙,rolloid,https://rolloid.net
西班牙,西班牙《理性报》,http://www.larazon.es
瑞典,瑞典移民局,http://www.migrationsverket.se/
西班牙,西班牙《阿贝赛报》,http://www.abc.es/
西班牙,西班牙《加泰罗尼亚报》,http://www.elperiodico.com/
西班牙,埃菲社,http://www.efe.com/
西班牙,西班牙《先锋报》,http://www.lavanguardia.es
西班牙,西班牙《欧华报》,http://www.ouhua.es/
西班牙,西班牙《体育报》,http://www.sport.es/
西班牙,西班牙《世界报》,https://www.elmundo.es
西班牙,西班牙教育和科学部,http://www.mec.es/
西班牙,西班牙工业旅游贸易部,http://www.mityc.es
西班牙,西班牙财政部,http://www.minhac.es
西班牙,中国驻西班牙大使馆,http://www.embajadachina.es/chn/
西班牙,西班牙国会,http://www.tourspain.es/
西班牙,西班牙外交部,http://www.mae.es/
西班牙,西班牙劳动和社会事务部,http://www.mtas.es/
西班牙,西班牙皇家,http://www.casareal.es/
西班牙,西班牙政府网站,http://www.lamoncloa.gob.es
芬兰,中国驻芬兰共和国大使馆经济商务参赞处,http://fi.mofcom.gov.cn/
芬兰,芬兰驻华大使馆,http://www.finland.cn/zh/
芬兰,芬兰议会,http://www.eduskunta.fi/
芬兰,芬兰铁路局,http://www.rhk.fi/
芬兰,芬兰总统官方网站,http://www.president.fi/english/
芬兰,芬兰外交部,http://formin.finland.fi
芬兰,中国驻芬兰大使馆,http://www.chinaembassy-fi.org/
瑞士,瑞士联邦统计局,http://www.bfs.admin.ch/
瑞士,瑞士国会,http://www.parlament.ch/
意大利,意大利共和国总统府,http://www.quirinale.it/
瑞士,中华人民共和国驻瑞士联邦大使馆经济商务参赞处,http://ch.mofcom.gov.cn/
瑞士,瑞士投资促进局,http://www.locationswitzerland.cn
瑞士,瑞士联邦外交部,http://www.eda.admin.ch/
葡萄牙,中华人民共和国驻葡萄牙大使馆经济商务参赞处,http://pt.mofcom.gov.cn/
葡萄牙,葡萄牙外交部,http://www.min-nestrangeiros.pt/mne/
芬兰,芬兰政府,http://www.valtioneuvosto.fi/
葡萄牙,葡萄牙政府,http://www.pcm.gov.pt/
葡萄牙,葡萄牙移民局,http://www.sef.pt
葡萄牙,中国驻葡萄牙大使馆,http://www.fmprc.gov.cn/ce/cept/chn/
荷兰,荷兰国家统计局,http://www.cbs.nl
荷兰,荷兰内政及王国关系部,http://www.minbzk.nl
荷兰,荷兰农业、自然及食品质量部,http://www9.minlnv.nl
荷兰,荷兰司法部,http://www.justitie.nl
荷兰,荷兰教育、文化及科技部,http://www.minocw.nl
瑞士,瑞士联邦政府,https://www.admin.ch
荷兰,荷兰经济部,http://www.ez.nl
荷兰,荷兰国防部,http://www.mindef.nl
荷兰,荷兰议会二院,http://www.tweedekamer.nl
荷兰,中华人民共和国驻荷兰大使馆,http://nl.china-embassy.org/chn/
荷兰,荷兰外交部,http://www.minbuza.nl/
荷兰,荷兰移民局,http://www.ind.nl
荷兰,荷兰政府,http://www.regering.nl/
奥地利,奥地利驻华大使馆,http://www.bmaa.gv.at/view.php3?r_id=947&LNG=cn&version
奥地利,奥地利联邦司法部,http://www.bmj.gv.at/
奥地利,奥地利联邦总理,http://www.bka.gv.at/
奥地利,奥地利总统府,http://www.hofburg.at/
乌兹别克斯坦,中国驻乌兹别克斯坦共和国大使馆经济商务参赞处,http://uz.mofcom.gov.cn/
巴林,巴林卫生部,http://www.moh.gov.bh
尼泊尔,中华人民共和国驻尼泊尔大使馆经济商务参赞处,http://np.mofcom.gov.cn/
尼泊尔,尼泊尔外交部,http://www.mofa.gov.np/
蒙古,中华人民共和国驻蒙古国大使馆经济商务参赞处,http://mn.mofcom.gov.cn/
科威特,科威特卫生部,http://www.moh.gov.kw/
斯里兰卡,斯里兰卡政府,http://www.priu.gov.lk
土耳其,伊斯坦布尔交通部,http://www.iett.gov.tr/
阿联酋,中华人民共和国驻迪拜总领馆,http://dubai.chineseconsulate.org/chn/
缅甸,中华人民共和国驻缅甸联邦大使馆经济商务参赞处,http://mm.mofcom.gov.cn/
马尔代夫,Mihaaru,https://mihaaru.com
马尔代夫,马尔代夫海关,http://www.customs.gov.mv/
马尔代夫,Vaguthu,https://vaguthu.mv
马尔代夫,Avas.mv,https://avas.mv
吉尔吉斯斯坦,吉尔吉斯斯经济和财政部,http://www.minfin.kg/
哈萨克斯坦,哈萨克斯坦最高法院,http://www.supcourt.kz/
伊朗,伊朗外交部,http://www.mfa.gov.ir/
哈萨克斯坦,哈萨克斯坦财政部,http://www.minfin.kz
哈萨克斯坦,哈萨克斯坦共和国国会,http://www.parlam.kz/
哈萨克斯坦,哈萨克斯坦外交部,http://www.mfa.kz
哈萨克斯坦,哈萨克斯坦国防部,http://www.mod.kz/
哈萨克斯坦,哈萨克斯坦总统府,http://www.akorda.kz/
哈萨克斯坦,哈萨克斯坦共和国政府,http://www.government.kz/
吉尔吉斯斯坦,吉尔吉斯斯坦政府,http://www.gov.kg/
吉尔吉斯斯坦,中国驻塔吉克斯坦共和国大使馆,http://tj.china-embassy.org/chn/default.htm
马尔代夫,SunOnline,http://www.sun.mv
缅甸,缅甸驻京大使馆,http://www.myanmarembassy.com/chinese/default.htm
缅甸,缅甸联邦驻昆总领事馆,http://www.mcg-kunming.com/default_chinese.htm
缅甸,缅甸驻香港领事馆,http://myanmar.e-consulate.org/
缅甸,中华人民共和国驻缅甸联邦大使馆,http://mm.chineseembassy.org/chn/
马尔代夫,马尔代夫教育部,http://www.moe.gov.mv/
马尔代夫,马尔代夫货币管理局,http://www.mma.gov.mv/
马尔代夫,马尔大夫卫生部,http://www.health.gov.mv/
马尔代夫,马尔大夫移民局,http://www.immigration.gov.mv/
马尔代夫,中国驻马尔大夫大使馆,http://lk.china-embassy.org/chn/
马尔代夫,马尔代夫总统官方网站,http://www.presidencymaldives.gov.mv
马尔代夫,马尔代夫政府,http://www.maldivesinfo.gov.mv/
阿联酋,迪拜劳工部,http://www.mol.gov.ae/
阿联酋,阿联酋联邦政府电子门户,http://www.government.ae
阿联酋,迪拜市政府,http://www.dm.gov.ae/
阿联酋,中华人民共和国驻阿拉伯联合酋长国大使馆,http://ae.chineseembassy.org/
阿联酋,阿联酋驻华大使馆,http://www.uaeemb.com/
阿联酋,中华人民共和国驻阿拉伯联合酋长国大使馆经济商务参赞处,http://ae.mofcom.gov.cn/index.shtml
阿联酋,迪拜移民局,http://www.dnrd.gov.ae/
土耳其,中国驻土耳其共和国大使馆经济商务参赞处,http://tr.mofcom.gov.cn
土耳其,中华人民共和国驻伊斯坦布尔总领事馆经济商务室,http://istanbul.mofcom.gov.cn
土耳其,土耳其驻北京大使馆,http://beijing.emb.mfa.gov.tr
土耳其,伊斯坦布尔政府,http://www.istanbul.gov.tr/
土耳其,土耳其外交部,http://www.mfa.gov.tr
科威特,科威特内政部,http://www.moi.gov.kw
蒙古,中华人民共和国驻蒙古国大使馆,http://mn.china-embassy.org
蒙古,蒙古政府,http://www.pmis.gov.mn/
柬埔寨,中国驻柬埔寨大使馆,http://kh.china-embassy.org
柬埔寨,中华人民共和国驻柬埔寨王国大使馆经济商务参赞处,http://cb.mofcom.gov.cn/
柬埔寨,柬埔寨内政部,http://www.interior.gov.kh/
柬埔寨,柬埔寨外交与国际合作部,http://www.mfaic.gov.kh
柬埔寨,柬埔寨王国政府,http://www.cambodia.gov.kh
尼泊尔,尼泊尔政府,http://www.nepalgov.gov.np/
尼泊尔,中国驻尼泊尔大使馆,http://np.china-embassy.org/chn/
巴林,巴林教育部,http://www.education.gov.bh
巴林,中华人民共和国驻巴林国大使馆经济商务参赞处,http://bh.mofcom.gov.cn/
巴林,巴林商务部,http://www.commerce.gov.bh
乌兹别克斯坦,中华人民共和国驻乌兹别克斯坦共和国大使馆,http://uz.china-embassy.org/chn/
乌兹别克斯坦,乌兹别克斯坦外交部,http://www.mfa.uz
乌兹别克斯坦,乌兹别克斯坦驻中国大使馆,http://www.uzbekistan.cn/
乌兹别克斯坦,乌兹别克斯坦政府,http://www.gov.uz/
奥地利,奥地利联邦社会保障部,http://www.bmsk.gv.at/
奥地利,奥地利联邦环境局,http://www.umweltbundesamt.at/
奥地利,奥地利联邦财政部,http://www.bmf.gv.at
奥地利,维也纳市政府,http://www.wien.gv.at/
奥地利,奥地利国防部,http://www.bmlv.gv.at/
奥地利,奥地利联邦经济劳动部,http://www.bmwa.gv.at/
奥地利,中华人民共和国驻奥地利共和国大使馆经济商务参赞处,http://at.mofcom.gov.cn
奥地利,奥地利商务署,http://www.investinaustria.cn/
奥地利,中华人民共和国驻奥地利共和国大使馆,http://at.china-embassy.org/chn/
奥地利,奥地利教育、科学与文化部,http://www.bmbwk.gv.at
奥地利,奥地利政府,http://www.austria.gv.at/
荷兰,荷兰王室,http://www.koninklijkhuis.nl/
荷兰,荷兰住房、空间规划及环境部,http://www.vrom.nl/
俄罗斯,俄罗斯国防部,http://www.mil.ru
俄罗斯,中国驻俄罗斯联邦经商参处,http://ru.mofcom.gov.cn/
斯洛伐克,斯洛伐克政府,http://www.government.gov.sk/
奥地利,奥地利外交部,http://www.bmaa.gv.at/
斯洛伐克,斯洛伐克外交部,http://www.foreign.gov.sk/
斯洛伐克,斯洛伐克议会,http://www.nrsr.sk/
斯洛伐克,斯洛伐克总统府,http://www.prezident.sk/
斯洛伐克,中国驻斯洛伐克共和国大使馆经济商务参赞处,http://sk.mofcom.gov.cn
马耳他,中国驻马耳他共和国大使馆,http://www.chinaembassy.org.mt/chn/
波兰,波兰中央统计局,http://www.stat.gov.pl/
阿尔巴尼亚,阿尔巴尼亚外交部,http://www.mfa.gov.al/
格鲁吉亚,中华人民共和国驻格鲁吉亚大使馆,http://ge.chineseembassy.org/chn/
美国,美国劳工部,http://www.dol.gov/
美国,中华人民共和国驻纽约总领事馆,http://www.nyconsulate.prchina.org/chn/
白俄罗斯,中华人民共和国驻白俄罗斯大使馆经济商务参赞处,http://by.mofcom.gov.cn
白俄罗斯,白俄罗斯总统府,http://www.president.gov.by/
老挝,老挝国会,http://www.na.gov.la
阿曼,阿曼教育部,http://moe.gov.om
阿曼,中华人民共和国驻阿曼苏丹国大使馆经济商务参赞处,http://om.mofcom.gov.cn/
孟加拉国,孟加拉税务局,http://www.nbr-bd.org/
孟加拉国,孟加拉国政府,http://www.bangladesh.gov.bd/
阿曼,阿曼苏丹国信息产业部,http://www.omanet.om
美国,美国日部,http://www.doi.gov/
白俄罗斯,中华人民共和国驻白俄罗斯共和国大使馆,http://by.china-embassy.org/chn/
冰岛,中华人民共和国驻冰岛大使馆经济商务参赞处,http://is.mofcom.gov.cn/
老挝,老挝工业与商业部,http://www.moc.gov.la
比利时,比利时国防部,http://www.mil.be
比利时,比利时参议院,http://www.senaat.be/
比利时,比利时众议院,http://www.lachambre.be
比利时,中华人民共和国驻比利时王国大使馆,http://www.chinaembassy-org.be/chn/
比利时,比利时王室,http://www.monarchie.be/
比利时,比利时外交部,http://www.diplomatie.be
比利时,比利时驻上海总领事馆,http://www.diplobel.org/shanghai/
比利时,比利时驻北京大使馆,http://www.diplomatie.be/beijing/
老挝,中华人民共和国驻老挝人民民主共和国大使馆经济商务参赞处,http://la.mofcom.gov.cn/
老挝,老挝海关总署,http://laocustoms.laopdr.net/
美国,美国高等法院,http://www.usscplus.com/
加拿大,新斯科舍政府,http://www.gov.ns.ca/
中国台湾,独家报导周刊,http://www.scoopweekly.com.tw
中国台湾,PChome新闻,http://news.pchome.com.tw
日本,日本首相官邸,http://www.kantei.go.jp
日本,日本内阁府,http://www.cao.go.jp/
日本,日本国驻华大使馆,http://www.cn.emb-japan.go.jp/
日本,日本总务省统计局,http://www.stat.go.jp/
中国香港,香港工商及科技局,http://sc.info.gov.hk/gb/www.citb.gov.hk/
中国香港,香港水务署,http://www.wsd.gov.hk/
新加坡,新加坡政府,http://www.gov.sg/
马来西亚,马来西亚首相署,http://www.pmo.gov.my
